{
  "config": {
    "env_kind": "obstacle_course",
    "n_tasks": 4,
    "n_joints": 6,
    "steps_per_task": 2500,
    "eval_episodes": 10,
    "seeds": 1,
    "gamma": 0.5,
    "actor_step_size": 0.01,
    "critic_step_size": 0.02,
    "actor_lamda": 0.7,
    "critic_lamda": 0.7,
    "log_sigma_init": -1.0,
    "embed_dim": 16,
    "n_prototypes": 192,
    "gate_temperature": 0.1,
    "proprio_random_dim": 64,
    "obstacle_episode_steps": 80
  },
  "summary": {
    "alberta": {
      "acc": {
        "mean": 3.9122425593550316,
        "std": 0.0
      },
      "bwt": {
        "mean": 0.0,
        "std": 0.0
      },
      "forgetting": {
        "mean": 0.0,
        "std": 0.0
      },
      "fwt": {
        "mean": 0.0,
        "std": 0.0
      }
    },
    "ppo": {
      "acc": {
        "mean": 2.709281239978815,
        "std": 0.0
      },
      "bwt": {
        "mean": 0.5614485673472048,
        "std": 0.0
      },
      "forgetting": {
        "mean": 0.03360498752375892,
        "std": 0.0
      },
      "fwt": {
        "mean": 0.5690661831305438,
        "std": 0.0
      }
    }
  },
  "results": [
    {
      "name": "alberta",
      "matrix": [
        [
          8.407203349531533,
          0.3339625618426648,
          0.5768913490806767,
          0.4997301150849788
        ],
        [
          8.407203349531533,
          -0.1686752759483504,
          0.5768913490806767,
          0.4997301150849788
        ],
        [
          8.407203349531533,
          -0.1686752759483504,
          2.489048543917915,
          0.4997301150849788
        ],
        [
          8.407203349531533,
          -0.1686752759483504,
          2.489048543917915,
          4.921393619919028
        ]
      ],
      "baseline": [
        0.21252487072345513,
        0.3339625618426648,
        0.5768913490806767,
        0.4997301150849788
      ],
      "metrics": {
        "acc": 3.9122425593550316,
        "bwt": 0.0,
        "forgetting": 0.0,
        "fwt": 0.0,
        "final_per_task": [
          8.407203349531533,
          -0.1686752759483504,
          2.489048543917915,
          4.921393619919028
        ],
        "diagonal_per_task": [
          8.407203349531533,
          -0.1686752759483504,
          2.489048543917915,
          4.921393619919028
        ]
      },
      "seed": 1000
    },
    {
      "name": "ppo",
      "matrix": [
        [
          3.7629246302622255,
          -0.01904689285085174,
          0.39353272371833103,
          0.7073618958778635
        ],
        [
          3.966397105100886,
          0.8318432060790094,
          1.7673830304710723,
          1.0503120847902319
        ],
        [
          5.2647917222077085,
          0.7584308864218985,
          2.6192348804395325,
          1.3513225418322246
        ],
        [
          5.548085294875117,
          0.792752418675591,
          2.557510705271674,
          1.9387765410928783
        ]
      ],
      "baseline": [
        0.2581944726703437,
        0.3081695978431195,
        0.5488388302986584,
        0.5354517019190359
      ],
      "metrics": {
        "acc": 2.709281239978815,
        "bwt": 0.5614485673472048,
        "forgetting": 0.03360498752375892,
        "fwt": 0.5690661831305438,
        "final_per_task": [
          5.548085294875117,
          0.792752418675591,
          2.557510705271674,
          1.9387765410928783
        ],
        "diagonal_per_task": [
          3.7629246302622255,
          0.8318432060790094,
          2.6192348804395325,
          1.9387765410928783
        ]
      },
      "seed": 1000
    }
  ],
  "generated_at": "2026-05-23T11:39:39",
  "adaptation": {
    "alberta": {
      "mean_new_task_gain": 3.506465335172088,
      "min_new_task_gain": -0.5026378377910152,
      "tasks_with_positive_gain": 3.0,
      "task_count": 4.0,
      "mean_final_minus_best": -0.1256594594477538,
      "min_final_minus_best": -0.5026378377910152,
      "first_task_retention_delta": 0.0,
      "seeds": 1
    },
    "ppo": {
      "mean_new_task_gain": 1.875531163785622,
      "min_new_task_gain": 0.5236736082358899,
      "tasks_with_positive_gain": 4.0,
      "task_count": 4.0,
      "mean_final_minus_best": -0.02520374064281919,
      "min_final_minus_best": -0.06172417516785833,
      "first_task_retention_delta": 1.7851606646128912,
      "seeds": 1
    }
  }
}
