{
  "config": {
    "env_kind": "obstacle_course",
    "n_tasks": 2,
    "n_joints": 6,
    "steps_per_task": 40,
    "eval_episodes": 1,
    "seeds": 1,
    "gamma": 0.5,
    "actor_step_size": 0.01,
    "critic_step_size": 0.02,
    "actor_lamda": 0.7,
    "critic_lamda": 0.7,
    "log_sigma_init": -1.0,
    "embed_dim": 16,
    "n_prototypes": 192,
    "gate_temperature": 0.1,
    "proprio_random_dim": 64,
    "obstacle_episode_steps": 30,
    "learners": [
      "alberta",
      "ppo",
      "sac"
    ]
  },
  "summary": {
    "alberta": {
      "acc": {
        "mean": 0.46124355407353557,
        "std": 0.0
      },
      "bwt": {
        "mean": 0.0,
        "std": 0.0
      },
      "forgetting": {
        "mean": 0.0,
        "std": 0.0
      },
      "fwt": {
        "mean": 0.0,
        "std": 0.0
      }
    },
    "ppo": {
      "acc": {
        "mean": 0.4071437932952312,
        "std": 0.0
      },
      "bwt": {
        "mean": -0.06920233567957801,
        "std": 0.0
      },
      "forgetting": {
        "mean": 0.06920233567957801,
        "std": 0.0
      },
      "fwt": {
        "mean": -0.03965518737517264,
        "std": 0.0
      }
    },
    "sac": {
      "acc": {
        "mean": 0.04574846772309646,
        "std": 0.0
      },
      "bwt": {
        "mean": 0.0,
        "std": 0.0
      },
      "forgetting": {
        "mean": 0.0,
        "std": 0.0
      },
      "fwt": {
        "mean": 0.0,
        "std": 0.0
      }
    }
  },
  "results": [
    {
      "name": "alberta",
      "matrix": [
        [
          0.34956391238974893,
          0.09847022774400538
        ],
        [
          0.34956391238974893,
          0.5729231957573222
        ]
      ],
      "baseline": [
        0.07654230688894041,
        0.09847022774400538
      ],
      "metrics": {
        "acc": 0.46124355407353557,
        "bwt": 0.0,
        "forgetting": 0.0,
        "fwt": 0.0,
        "final_per_task": [
          0.34956391238974893,
          0.5729231957573222
        ],
        "diagonal_per_task": [
          0.34956391238974893,
          0.5729231957573222
        ]
      },
      "seed": 1000
    },
    {
      "name": "ppo",
      "matrix": [
        [
          0.4401683867992854,
          0.07198311957637946
        ],
        [
          0.3709660511197074,
          0.44332153547075503
        ]
      ],
      "baseline": [
        0.08055501973669396,
        0.1116383069515521
      ],
      "metrics": {
        "acc": 0.4071437932952312,
        "bwt": -0.06920233567957801,
        "forgetting": 0.06920233567957801,
        "fwt": -0.03965518737517264,
        "final_per_task": [
          0.3709660511197074,
          0.44332153547075503
        ],
        "diagonal_per_task": [
          0.4401683867992854,
          0.44332153547075503
        ]
      },
      "seed": 1000
    },
    {
      "name": "sac",
      "matrix": [
        [
          0.09668687964227879,
          -0.005189944196085874
        ],
        [
          0.09668687964227879,
          -0.005189944196085874
        ]
      ],
      "baseline": [
        0.09668687964227879,
        -0.005189944196085874
      ],
      "metrics": {
        "acc": 0.04574846772309646,
        "bwt": 0.0,
        "forgetting": 0.0,
        "fwt": 0.0,
        "final_per_task": [
          0.09668687964227879,
          -0.005189944196085874
        ],
        "diagonal_per_task": [
          0.09668687964227879,
          -0.005189944196085874
        ]
      },
      "seed": 1000
    }
  ],
  "generated_at": "2026-05-23T16:49:14",
  "adaptation": {
    "alberta": {
      "mean_new_task_gain": 0.37373728675706264,
      "min_new_task_gain": 0.2730216055008085,
      "tasks_with_positive_gain": 2.0,
      "task_count": 2.0,
      "mean_final_minus_best": 0.0,
      "min_final_minus_best": 0.0,
      "first_task_retention_delta": 0.0,
      "seeds": 1
    },
    "ppo": {
      "mean_new_task_gain": 0.3456482977908972,
      "min_new_task_gain": 0.33168322851920296,
      "tasks_with_positive_gain": 2.0,
      "task_count": 2.0,
      "mean_final_minus_best": -0.034601167839789004,
      "min_final_minus_best": -0.06920233567957801,
      "first_task_retention_delta": -0.06920233567957801,
      "seeds": 1
    },
    "sac": {
      "mean_new_task_gain": 0.0,
      "min_new_task_gain": 0.0,
      "tasks_with_positive_gain": 0.0,
      "task_count": 2.0,
      "mean_final_minus_best": 0.0,
      "min_final_minus_best": 0.0,
      "first_task_retention_delta": 0.0,
      "seeds": 1
    }
  }
}
