{
  "profile": "unitree-h1",
  "label": "turn left",
  "task_id": "turn_left",
  "policy_source": "sb3_smoke",
  "steps_requested": 40,
  "steps_executed": 40,
  "terminated": false,
  "truncated": true,
  "first_done_step": 40,
  "done_reason": "truncated",
  "fall_threshold": 0.612,
  "torso_z": {
    "min": 0.8028898276939356,
    "max": 0.9790656240940231,
    "final": 0.8028898276939356,
    "mean": 0.9170702584392811
  },
  "upright_proj": {
    "min": 0.7775642548987205,
    "max": 0.9999947833976204,
    "final": 0.7775642548987205,
    "mean": 0.9498280595450735
  },
  "reward": {
    "min": 2.8751799051566054,
    "max": 3.414123063420854,
    "final": 2.8751799051566054,
    "mean": 3.162210899465923
  },
  "rollout_ok": true,
  "checks": {
    "no_termination": true,
    "torso_above_fall_threshold": true,
    "upright_positive": true
  }
}
