{
  "config": {
    "env_kind": "joint_reach",
    "n_tasks": 4,
    "n_joints": 4,
    "steps_per_task": 6000,
    "eval_episodes": 8,
    "seeds": 2,
    "gamma": 0.5,
    "actor_step_size": 0.01,
    "critic_step_size": 0.02,
    "actor_lamda": 0.7,
    "critic_lamda": 0.7,
    "log_sigma_init": -1.0,
    "cbp_hidden_sizes": [
      128
    ],
    "cbp_replacement_rate": 0.0001,
    "cbp_maturity_threshold": 100,
    "cbp_retention_mode": "frozen",
    "cbp_n_slots": 64,
    "cbp_trunk_step_scale": 1.0,
    "embed_dim": 16,
    "n_prototypes": 192,
    "gate_temperature": 0.1,
    "proprio_random_dim": 64,
    "obstacle_episode_steps": 80,
    "learners": [
      "alberta_cbp",
      "ppo"
    ]
  },
  "summary": {
    "alberta_cbp": {
      "acc": {
        "mean": 36.46083966991743,
        "std": 5.574538216429001
      },
      "bwt": {
        "mean": 0.0,
        "std": 0.0
      },
      "forgetting": {
        "mean": 0.0,
        "std": 0.0
      },
      "fwt": {
        "mean": 0.0,
        "std": 0.0
      }
    },
    "ppo": {
      "acc": {
        "mean": 28.4814301123045,
        "std": 0.7241587591088372
      },
      "bwt": {
        "mean": -1.5941906772146235,
        "std": 1.7905074166236614
      },
      "forgetting": {
        "mean": 3.7374510701478227,
        "std": 1.8341733897422792
      },
      "fwt": {
        "mean": -1.6136092232949912,
        "std": 0.42376481199337845
      }
    }
  },
  "adaptation": {
    "alberta_cbp": {
      "mean_new_task_gain": 19.263934181027917,
      "min_new_task_gain": 5.630664256996287,
      "tasks_with_positive_gain": 4.0,
      "task_count": 4.0,
      "mean_final_minus_best": 0.0,
      "min_final_minus_best": 0.0,
      "first_task_retention_delta": 0.0,
      "seeds": 2
    },
    "ppo": {
      "mean_new_task_gain": 12.384062433838722,
      "min_new_task_gain": 5.235904098994672,
      "tasks_with_positive_gain": 4.0,
      "task_count": 4.0,
      "mean_final_minus_best": -2.803088302610867,
      "min_final_minus_best": -6.481228880801556,
      "first_task_retention_delta": -4.554584604046957,
      "seeds": 2
    }
  },
  "motion": {},
  "results": [
    {
      "name": "alberta_cbp",
      "matrix": [
        [
          43.39466453904484,
          23.34363860070605,
          10.592664150492809,
          15.877226498457421
        ],
        [
          43.39466453904484,
          34.073303450546156,
          10.592664150492809,
          15.877226498457421
        ],
        [
          43.39466453904484,
          34.073303450546156,
          39.017026325783334,
          15.877226498457421
        ],
        [
          43.39466453904484,
          34.073303450546156,
          39.017026325783334,
          51.65651723001144
        ]
      ],
      "baseline": [
        18.974092705901803,
        23.34363860070605,
        10.592664150492809,
        15.877226498457421
      ],
      "metrics": {
        "acc": 42.03537788634644,
        "bwt": 0.0,
        "forgetting": 0.0,
        "fwt": 0.0,
        "final_per_task": [
          43.39466453904484,
          34.073303450546156,
          39.017026325783334,
          51.65651723001144
        ],
        "diagonal_per_task": [
          43.39466453904484,
          34.073303450546156,
          39.017026325783334,
          51.65651723001144
        ]
      },
      "seed": 1000,
      "motion_baseline": null,
      "motion_matrix": null,
      "trajectory_matrix": null
    },
    {
      "name": "ppo",
      "matrix": [
        [
          29.673391269977834,
          23.07246359609054,
          9.996782805521377,
          15.439363100945226
        ],
        [
          30.4309094608046,
          30.372203438744386,
          11.953215684780771,
          12.874271377956351
        ],
        [
          21.36016497070807,
          25.53410094692738,
          34.5655056207071,
          11.396006672813959
        ],
        [
          20.560103388784466,
          36.17546434607307,
          27.72143831305693,
          32.365349437738885
        ]
      ],
      "baseline": [
        18.6888769533592,
        23.46258755373949,
        10.603018988613531,
        15.925612645237088
      ],
      "metrics": {
        "acc": 29.205588871413337,
        "bwt": -3.384698093838285,
        "forgetting": 5.571624459890102,
        "fwt": -1.189844411301613,
        "final_per_task": [
          20.560103388784466,
          36.17546434607307,
          27.72143831305693,
          32.365349437738885
        ],
        "diagonal_per_task": [
          29.673391269977834,
          30.372203438744386,
          34.5655056207071,
          32.365349437738885
        ]
      },
      "seed": 1000,
      "motion_baseline": null,
      "motion_matrix": null,
      "trajectory_matrix": null
    },
    {
      "name": "alberta_cbp",
      "matrix": [
        [
          19.50575637005427,
          23.34363860070605,
          10.592664150492809,
          15.877226498457421
        ],
        [
          19.50575637005427,
          32.5935176976479,
          10.592664150492809,
          15.877226498457421
        ],
        [
          19.50575637005427,
          32.5935176976479,
          31.72625267242791,
          15.877226498457421
        ],
        [
          19.50575637005427,
          32.5935176976479,
          31.72625267242791,
          39.71967907382367
        ]
      ],
      "baseline": [
        18.974092705901803,
        23.34363860070605,
        10.592664150492809,
        15.877226498457421
      ],
      "metrics": {
        "acc": 30.886301453488436,
        "bwt": 0.0,
        "forgetting": 0.0,
        "fwt": 0.0,
        "final_per_task": [
          19.50575637005427,
          32.5935176976479,
          31.72625267242791,
          39.71967907382367
        ],
        "diagonal_per_task": [
          19.50575637005427,
          32.5935176976479,
          31.72625267242791,
          39.71967907382367
        ]
      },
      "seed": 1001,
      "motion_baseline": null,
      "motion_matrix": null,
      "trajectory_matrix": null
    },
    {
      "name": "ppo",
      "matrix": [
        [
          27.775518931202047,
          22.08615183094682,
          8.981200328340421,
          14.440565643406543
        ],
        [
          29.19563113736089,
          33.32482898364774,
          9.709783975476062,
          11.737588873003704
        ],
        [
          30.87128929388448,
          36.362992902094106,
          14.294896868852739,
          12.274706114885284
        ],
        [
          27.779637604301502,
          33.744811550460454,
          14.459745847167683,
          35.044890410853014
        ]
      ],
      "baseline": [
        19.481225322891376,
        23.664934391498715,
        10.732704555868292,
        15.78512507980627
      ],
      "metrics": {
        "acc": 27.757271353195662,
        "bwt": 0.1963167394090378,
        "forgetting": 1.9032776804055433,
        "fwt": -2.03737403528837,
        "final_per_task": [
          27.779637604301502,
          33.744811550460454,
          14.459745847167683,
          35.044890410853014
        ],
        "diagonal_per_task": [
          27.775518931202047,
          33.32482898364774,
          14.294896868852739,
          35.044890410853014
        ]
      },
      "seed": 1001,
      "motion_baseline": null,
      "motion_matrix": null,
      "trajectory_matrix": null
    }
  ],
  "generated_at": "2026-05-28T18:16:51"
}