{
  "config": {
    "env_kind": "joint_reach",
    "n_tasks": 4,
    "n_joints": 6,
    "steps_per_task": 16000,
    "eval_episodes": 10,
    "seeds": 3,
    "gamma": 0.5,
    "actor_step_size": 0.01,
    "critic_step_size": 0.02,
    "actor_lamda": 0.7,
    "critic_lamda": 0.7,
    "log_sigma_init": -1.0,
    "embed_dim": 16,
    "n_prototypes": 192,
    "gate_temperature": 0.1,
    "proprio_random_dim": 64,
    "obstacle_episode_steps": 80,
    "learners": [
      "alberta",
      "ppo"
    ]
  },
  "summary": {
    "alberta": {
      "acc": {
        "mean": 38.30125825546629,
        "std": 0.35457606889729265
      },
      "bwt": {
        "mean": 0.0,
        "std": 0.0
      },
      "forgetting": {
        "mean": 0.0,
        "std": 0.0
      },
      "fwt": {
        "mean": 0.0,
        "std": 0.0
      }
    },
    "ppo": {
      "acc": {
        "mean": 34.40206669724002,
        "std": 0.9544290917555905
      },
      "bwt": {
        "mean": -9.291673975255282,
        "std": 0.523956316186454
      },
      "forgetting": {
        "mean": 10.04493309566603,
        "std": 0.6083182952108606
      },
      "fwt": {
        "mean": -0.8775604680048023,
        "std": 0.7434026941123301
      }
    }
  },
  "adaptation": {
    "alberta": {
      "mean_new_task_gain": 25.583776307387296,
      "min_new_task_gain": 20.127249834948227,
      "tasks_with_positive_gain": 4.0,
      "task_count": 4.0,
      "mean_final_minus_best": 0.0,
      "min_final_minus_best": 0.0,
      "first_task_retention_delta": 0.0,
      "seeds": 3
    },
    "ppo": {
      "mean_new_task_gain": 28.611137535466963,
      "min_new_task_gain": 16.567062615679212,
      "tasks_with_positive_gain": 4.0,
      "task_count": 4.0,
      "mean_final_minus_best": -7.533699821749522,
      "min_final_minus_best": -14.768775135833932,
      "first_task_retention_delta": -13.5961538525776,
      "seeds": 3
    }
  },
  "results": [
    {
      "name": "alberta",
      "matrix": [
        [
          34.94538493381916,
          9.355241053642509,
          13.335518290987423,
          10.966715093062783
        ],
        [
          34.94538493381916,
          36.05238252442855,
          13.335518290987423,
          10.966715093062783
        ],
        [
          34.94538493381916,
          36.05238252442855,
          38.91533552735767,
          10.966715093062783
        ],
        [
          34.94538493381916,
          36.05238252442855,
          38.91533552735767,
          42.3961638966404
        ]
      ],
      "baseline": [
        17.212453354623257,
        9.355241053642509,
        13.335518290987423,
        10.966715093062783
      ],
      "metrics": {
        "acc": 38.07731672056145,
        "bwt": 0.0,
        "forgetting": 0.0,
        "fwt": 0.0,
        "final_per_task": [
          34.94538493381916,
          36.05238252442855,
          38.91533552735767,
          42.3961638966404
        ],
        "diagonal_per_task": [
          34.94538493381916,
          36.05238252442855,
          38.91533552735767,
          42.3961638966404
        ]
      },
      "seed": 1000
    },
    {
      "name": "ppo",
      "matrix": [
        [
          29.936992877638666,
          8.289146179858852,
          13.596770068207869,
          6.931051442315661
        ],
        [
          33.45485672740766,
          36.85511236239391,
          14.189351642937789,
          8.433937064282135
        ],
        [
          31.930980905871355,
          40.11658059632164,
          49.051692134036884,
          8.517265413693394
        ],
        [
          18.199028260293307,
          32.50143588100097,
          39.33787339352081,
          42.60064054688945
        ]
      ],
      "baseline": [
        17.367207941499462,
        9.35595907317562,
        13.387178197133206,
        10.97430729663988
      ],
      "metrics": {
        "acc": 33.15974452042613,
        "bwt": -8.601819946418123,
        "forgetting": 10.861597307650365,
        "fwt": -0.9072271101528907,
        "final_per_task": [
          18.199028260293307,
          32.50143588100097,
          39.33787339352081,
          42.60064054688945
        ],
        "diagonal_per_task": [
          29.936992877638666,
          36.85511236239391,
          49.051692134036884,
          42.60064054688945
        ]
      },
      "seed": 1000
    },
    {
      "name": "alberta",
      "matrix": [
        [
          43.898152542943635,
          9.355241053642509,
          13.335518290987423,
          10.966715093062783
        ],
        [
          43.898152542943635,
          35.77015682287423,
          13.335518290987423,
          10.966715093062783
        ],
        [
          43.898152542943635,
          35.77015682287423,
          33.75730574325323,
          10.966715093062783
        ],
        [
          43.898152542943635,
          35.77015682287423,
          33.75730574325323,
          41.78151550916219
        ]
      ],
      "baseline": [
        17.212453354623257,
        9.355241053642509,
        13.335518290987423,
        10.966715093062783
      ],
      "metrics": {
        "acc": 38.80178265455832,
        "bwt": 0.0,
        "forgetting": 0.0,
        "fwt": 0.0,
        "final_per_task": [
          43.898152542943635,
          35.77015682287423,
          33.75730574325323,
          41.78151550916219
        ],
        "diagonal_per_task": [
          43.898152542943635,
          35.77015682287423,
          33.75730574325323,
          41.78151550916219
        ]
      },
      "seed": 1001
    },
    {
      "name": "ppo",
      "matrix": [
        [
          34.88649516117245,
          7.563787177504072,
          11.940640041184333,
          7.705368887606044
        ],
        [
          29.378481066436585,
          41.085726557780056,
          12.293641550364505,
          9.596448456125717
        ],
        [
          30.043132294393153,
          35.14584715039329,
          46.98948814382809,
          8.406050202310222
        ],
        [
          20.366960340019936,
          30.28719375360016,
          44.100492129281214,
          43.510133442876906
        ]
      ],
      "baseline": [
        17.06041480453642,
        9.416538794889131,
        13.353962202334504,
        10.811507592491989
      ],
      "metrics": {
        "acc": 34.56619491644455,
        "bwt": -9.402354546626428,
        "forgetting": 9.402354546626428,
        "fwt": -1.772843219845608,
        "final_per_task": [
          20.366960340019936,
          30.28719375360016,
          44.100492129281214,
          43.510133442876906
        ],
        "diagonal_per_task": [
          34.88649516117245,
          41.085726557780056,
          46.98948814382809,
          43.510133442876906
        ]
      },
      "seed": 1001
    },
    {
      "name": "alberta",
      "matrix": [
        [
          46.36266930387278,
          9.355241053642509,
          13.335518290987423,
          10.966715093062783
        ],
        [
          46.36266930387278,
          31.582271527025483,
          13.335518290987423,
          10.966715093062783
        ],
        [
          46.36266930387278,
          31.582271527025483,
          35.93928446215797,
          10.966715093062783
        ],
        [
          46.36266930387278,
          31.582271527025483,
          35.93928446215797,
          38.21447627206014
        ]
      ],
      "baseline": [
        17.212453354623257,
        9.355241053642509,
        13.335518290987423,
        10.966715093062783
      ],
      "metrics": {
        "acc": 38.02467539127909,
        "bwt": 0.0,
        "forgetting": 0.0,
        "fwt": 0.0,
        "final_per_task": [
          46.36266930387278,
          31.582271527025483,
          35.93928446215797,
          38.21447627206014
        ],