{
  "schema": "robot-local-learning-probe-v1",
  "profile": "hiwonder-ainex",
  "task": "walk_forward",
  "action_scale": 0.15,
  "checkpoint": "evidence/local_learning_probe_hiwonder_walk_8k_scale015/checkpoint",
  "manifest_learning": {
    "phase": 0,
    "task": "walk_forward",
    "train_steps": 8000,
    "train_episodes": 74,
    "train_mean_return": -532.7934628769793,
    "pre_eval_mean_return": -731.7152432886609,
    "pre_eval_success_rate": 0.0,
    "eval_mean_return": -572.4827792733599,
    "eval_success_rate": 0.0,
    "eval_failure_rate": 0.0,
    "eval_mean_length": 120.0,
    "pre_mean_final_delta_x_m": -0.014243345393065251,
    "eval_mean_final_delta_x_m": 0.03686471265216551,
    "pre_mean_final_delta_y_m": 0.009374094831048672,
    "eval_mean_final_delta_y_m": -0.021310125701594334,
    "pre_mean_final_delta_yaw_rad": -0.0336546531029072,
    "eval_mean_final_delta_yaw_rad": -0.1857318649561112,
    "pre_mean_final_torso_z_m": 0.24255921647571999,
    "eval_mean_final_torso_z_m": 0.24126974795741304,
    "learning_return_delta": 159.23246401530093,
    "learning_success_rate_delta": 0.0,
    "learning_delta_x_m": 0.05110805804523076,
    "learning_delta_y_m": -0.030684220532643004,
    "learning_delta_yaw_rad": -0.152077211853204,
    "promoted": false,
    "promotion_passed": false,
    "promotion_blocker": "phase_success_rate_below_threshold",
    "promotion_reasons": []
  },
  "zero": {
    "mean_reward": -731.7152432886609,
    "success_rate": 0.0,
    "failure_rate": 0.0,
    "mean_steps_survived": 120.0,
    "mean_final_delta_x_m": -0.014243345393065251,
    "mean_final_delta_y_m": 0.009374094831048672,
    "mean_final_delta_yaw_rad": -0.0336546531029072
  },
  "trained": {
    "mean_reward": -572.4827792733599,
    "success_rate": 0.0,
    "failure_rate": 0.0,
    "mean_steps_survived": 120.0,
    "mean_final_delta_x_m": 0.03686471265216551,
    "mean_final_delta_y_m": -0.021310125701594334,
    "mean_final_delta_yaw_rad": -0.1857318649561112
  },
  "reward_delta_trained_minus_zero": 159.23246401530093,
  "forward_delta_trained_minus_zero_m": 0.05110805804523076,
  "learning_signal_present": true,
  "walking_success": false,
  "verdict": "not_walking_after_8k_action_scale_015"
}
