{
  "profile": "asimov-1",
  "label": "combined_actions",
  "policy_source": "checkpoint:/home/shaw/milady/eliza/packages/robot/evidence/nebius_full_training/synced_run/checkpoints/asimov_1_alberta_full",
  "preserve_state_between_commands": false,
  "commands": [
    {
      "profile": "asimov-1",
      "label": "stand up",
      "task_id": "stand_up",
      "policy_source": "checkpoint:/home/shaw/milady/eliza/packages/robot/evidence/nebius_full_training/synced_run/checkpoints/asimov_1_alberta_full",
      "steps_requested": 80,
      "steps_executed": 80,
      "terminated": false,
      "truncated": true,
      "first_done_step": 80,
      "done_reason": "truncated",
      "fall_threshold": 0.378,
      "torso_z": {
        "min": 0.5757729635163551,
        "max": 0.6647926798509988,
        "final": 0.5764769407261046,
        "mean": 0.6104016975187807
      },
      "upright_proj": {
        "min": 0.7856759405633874,
        "max": 0.9999758424327979,
        "final": 0.7856759405633874,
        "mean": 0.9006858493054164
      },
      "reward": {
        "min": 3.57522848536582,
        "max": 5.466103604258012,
        "final": 3.57522848536582,
        "mean": 4.712244029678297
      },
      "delta_x_m": {
        "min": -0.10597928379973214,
        "max": 0.05172449828805933,
        "final": 0.05172449828805933,
        "mean": -0.06259934404824018
      },
      "delta_y_m": {
        "min": -0.15699420004132353,
        "max": 0.0003391853091874635,
        "final": -0.15699420004132353,
        "mean": -0.061556478713613805
      },
      "delta_yaw_rad": {
        "min": -0.6393397027892984,
        "max": 0.006852998208377428,
        "final": -0.6393397027892984,
        "mean": -0.2862427011285698
      },
      "action_norm": {
        "min": 2.7824621200561523,
        "max": 3.2246928215026855,
        "final": 3.212592124938965,
        "mean": 3.191383904218674
      },
      "nonzero_action_steps": 80,
      "attempted_action": true,
      "goal_success": false,
      "goal_failed": false,
      "goal_reason": "",
      "rollout_ok": true,
      "checks": {
        "no_termination": true,
        "torso_above_fall_threshold": true,
        "upright_positive": true,
        "attempted_action": true,
        "goal_success": false
      }
    },
    {
      "profile": "asimov-1",
      "label": "walk forward",
      "task_id": "walk_forward",
      "policy_source": "checkpoint:/home/shaw/milady/eliza/packages/robot/evidence/nebius_full_training/synced_run/checkpoints/asimov_1_alberta_full",
      "steps_requested": 80,
      "steps_executed": 40,
      "terminated": true,
      "truncated": false,
      "first_done_step": 40,
      "done_reason": "terminated",
      "fall_threshold": 0.378,
      "torso_z": {
        "min": 0.36653029061892345,
        "max": 0.6318427938039592,
        "final": 0.36653029061892345,
        "mean": 0.5723778366429565
      },
      "upright_proj": {
        "min": 0.5866641222529728,
        "max": 0.9999297897567547,
        "final": 0.5866641222529728,
        "mean": 0.9223180677506004
      },
      "reward": {
        "min": -8.097931896787749,
        "max": 3.735426813114801,
        "final": -8.097931896787749,
        "mean": 3.12714247651988
      },
      "delta_x_m": {
        "min": -0.5679627335693459,
        "max": -0.00357233171709087,
        "final": -0.5679627335693459,
        "mean": -0.21170846903907758
      },
      "delta_y_m": {
        "min": -0.004682631225845117,
        "max": 0.04164642283795571,
        "final": 0.02976952664199108,
        "mean": 0.021544663194286433
      },
      "delta_yaw_rad": {
        "min": -0.04473306224983208,
        "max": 0.05344726104789619,
        "final": -0.04473306224983208,
        "mean": 0.013509517246326024
      },
      "action_norm": {
        "min": 3.057800054550171,
        "max": 3.2348248958587646,
        "final": 3.1697723865509033,
        "mean": 3.200134593248367
      },
      "nonzero_action_steps": 40,
      "attempted_action": true,
      "goal_success": false,
      "goal_failed": false,
      "goal_reason": "",
      "rollout_ok": false,
      "checks": {
        "no_termination": false,
        "torso_above_fall_threshold": false,
        "upright_positive": true,
        "attempted_action": true,
        "goal_success": false
      }
    },
    {
      "profile": "asimov-1",
      "label": "walk backward",
      "task_id": "walk_backward",
      "policy_source": "checkpoint:/home/shaw/milady/eliza/packages/robot/evidence/nebius_full_training/synced_run/checkpoints/asimov_1_alberta_full",
      "steps_requested": 80,
      "steps_executed": 40,
      "terminated": true,
      "truncated": false,
      "first_done_step": 40,
      "done_reason": "terminated",
      "fall_threshold": 0.378,
      "torso_z": {
        "min": 0.366449692022043,
        "max": 0.6318425806072878,
        "final": 0.366449692022043,
        "mean": 0.5723662997673664
      },
      "upright_proj": {
        "min": 0.5868838474753656,
        "max": 0.9999297933020269,
        "final": 0.5868838474753656,
        "mean": 0.9223299365306747
      },
      "reward": {
        "min": -7.3492200509556085,
        "max": 4.367094271335415,
        "final": -7.3492200509556085,
        "mean": 3.574608439235722
      },
      "delta_x_m": {
        "min": -0.5680829222359715,
        "max": -0.0035722545745259975,
        "final": -0.5680829222359715,
        "mean": -0.21172131097357952
      },
      "delta_y_m": {
        "min": -0.0047248775365643135,
        "max": 0.04165697629902399,
        "final": 0.029705545760774277,
        "mean": 0.02153582734879484
      },
      "delta_yaw_rad": {
        "min": -0.046240869911690054,
        "max": 0.05375515026956826,
        "final": -0.046240869911690054,
        "mean": 0.013762082230234143
      },
      "action_norm": {
        "min": 3.057379961013794,
        "max": 3.234574317932129,
        "final": 3.1660635471343994,
        "mean": 3.199538916349411
      },
      "nonzero_action_steps": 40,
      "attempted_action": true,
      "goal_success": false,
      "goal_failed": false,
      "goal_reason": "",
      "rollout_ok": false,
      "checks": {
        "no_termination": false,
        "torso_above_fall_threshold": false,
        "upright_positive": true,
        "attempted_action": true,
        "goal_success": false
      }
    },
    {
      "profile": "asimov-1",
      "label": "sidestep left",
      "task_id": "sidestep_left",
      "policy_source": "checkpoint:/home/shaw/milady/eliza/packages/robot/evidence/nebius_full_training/synced_run/checkpoints/asimov_1_alberta_full",
      "steps_requested": 80,
      "steps_executed": 40,
      "terminated": true,
      "truncated": false,
      "first_done_step": 40,
      "done_reason": "terminated",
      "fall_threshold": 0.378,
      "torso_z": {
        "min": 0.36649090046539984,
        "max": 0.6318436326574093,
        "final": 0.36649090046539984,
        "mean": 0.5723743053996474
      },
      "upright_proj": {
        "min": 0.586721069147119,
        "max": 0.9999297912808564,
        "final": 0.586721069147119,
        "mean": 0.9223158582357742
      },
      "reward": {
        "min": -8.93583253217728,
        "max": 11.425548651403389,
        "final": -8.93583253217728,
        "mean": 3.919446201089232
      },
      "delta_x_m": {
        "min": -0.567987434774274,
        "max": -0.003572300130462387,
        "final": -0.567987434774274,
        "mean": -0.2117117240889904
      },
      "delta_y_m": {
        "min": -0.004710696334294098,
        "max": 0.041653433430540864,
        "final": 0.02975586866107179,
        "mean": 0.02153661563826964
      },
      "delta_yaw_rad": {
        "min": -0.04432133532208626,
        "max": 0.05367851557482984,
        "final": -0.04432133532208626,
        "mean": 0.013693143503479294
      },