{
  "profile": "unitree-g1",
  "label": "walk forward",
  "task_id": "walk_forward",
  "policy_source": "sb3_smoke",
  "steps_requested": 40,
  "steps_executed": 40,
  "terminated": false,
  "truncated": true,
  "first_done_step": 40,
  "done_reason": "truncated",
  "fall_threshold": 0.474,
  "torso_z": {
    "min": 0.7905228819924062,
    "max": 0.791609882833807,
    "final": 0.791568424139695,
    "mean": 0.7915308574765972
  },
  "upright_proj": {
    "min": 0.9999523207852687,
    "max": 0.9999999770300082,
    "final": 0.9999642265808317,
    "mean": 0.9999771911598316
  },
  "reward": {
    "min": 3.4905069913126225,
    "max": 3.494446211428924,
    "final": 3.494446211428924,
    "mean": 3.4920541655676716
  },
  "rollout_ok": true,
  "checks": {
    "no_termination": true,
    "torso_above_fall_threshold": true,
    "upright_positive": true
  }
}
