{
  "profile": "unitree-g1",
  "label": "turn left",
  "task_id": "turn_left",
  "policy_source": "sb3_smoke",
  "steps_requested": 40,
  "steps_executed": 40,
  "terminated": false,
  "truncated": true,
  "first_done_step": 40,
  "done_reason": "truncated",
  "fall_threshold": 0.474,
  "torso_z": {
    "min": 0.7905235170388669,
    "max": 0.7916054239077854,
    "final": 0.7915300096781357,
    "mean": 0.7915005272916622
  },
  "upright_proj": {
    "min": 0.9999124709725061,
    "max": 0.9999999944055004,
    "final": 0.9999379897969715,
    "mean": 0.9999583151976339
  },
  "reward": {
    "min": 3.3266474272362014,
    "max": 3.3400130239793135,
    "final": 3.3295856734142784,
    "mean": 3.330468082952005
  },
  "rollout_ok": true,
  "checks": {
    "no_termination": true,
    "torso_above_fall_threshold": true,
    "upright_positive": true
  }
}
