{
  "profile": "unitree-g1",
  "label": "turn right",
  "task_id": "turn_right",
  "policy_source": "sb3_smoke",
  "steps_requested": 40,
  "steps_executed": 40,
  "terminated": false,
  "truncated": true,
  "first_done_step": 40,
  "done_reason": "truncated",
  "fall_threshold": 0.474,
  "torso_z": {
    "min": 0.7905222816048529,
    "max": 0.791603922284875,
    "final": 0.7915993542574827,
    "mean": 0.7915477642578048
  },
  "upright_proj": {
    "min": 0.9999849841579058,
    "max": 0.9999996615081301,
    "final": 0.9999954653155145,
    "mean": 0.9999963796846971
  },
  "reward": {
    "min": 3.320095376294566,
    "max": 3.3325419627170194,
    "final": 3.328341244331252,
    "mean": 3.3276349934294998
  },
  "rollout_ok": true,
  "checks": {
    "no_termination": true,
    "torso_above_fall_threshold": true,
    "upright_positive": true
  }
}
