{
  "profile": "asimov-1",
  "label": "turn left",
  "task_id": "turn_left",
  "policy_source": "sb3_smoke",
  "steps_requested": 40,
  "steps_executed": 40,
  "terminated": false,
  "truncated": true,
  "first_done_step": 40,
  "done_reason": "truncated",
  "fall_threshold": 0.378,
  "torso_z": {
    "min": 0.6276459354111448,
    "max": 0.6327618388783293,
    "final": 0.6327618388783293,
    "mean": 0.6299865431041664
  },
  "upright_proj": {
    "min": 0.9862088905384392,
    "max": 0.999999891611934,
    "final": 0.9862088905384392,
    "mean": 0.9975525292381656
  },
  "reward": {
    "min": 3.2767194549524774,
    "max": 3.346141947610551,
    "final": 3.312156560675194,
    "mean": 3.326285215422966
  },
  "rollout_ok": true,
  "checks": {
    "no_termination": true,
    "torso_above_fall_threshold": true,
    "upright_positive": true
  }
}
