{
  "profile": "asimov-1",
  "label": "turn right",
  "task_id": "turn_right",
  "policy_source": "sb3_smoke",
  "steps_requested": 40,
  "steps_executed": 40,
  "terminated": false,
  "truncated": true,
  "first_done_step": 40,
  "done_reason": "truncated",
  "fall_threshold": 0.378,
  "torso_z": {
    "min": 0.6276237576945227,
    "max": 0.6323491870316661,
    "final": 0.6323491870316661,
    "mean": 0.6297164977818073
  },
  "upright_proj": {
    "min": 0.9876218693723045,
    "max": 0.9999992698299658,
    "final": 0.9876218693723045,
    "mean": 0.9978521881956972
  },
  "reward": {
    "min": 3.284555914882679,
    "max": 3.3484164248403063,
    "final": 3.284555914882679,
    "mean": 3.31400290640266
  },
  "rollout_ok": true,
  "checks": {
    "no_termination": true,
    "torso_above_fall_threshold": true,
    "upright_positive": true
  }
}
