{
  "schema": "robot-policy-curriculum-eval-v1",
  "source": "eval_text_policy",
  "checkpoint": "/home/shaw/milady/eliza/packages/robot/evidence/nebius_full_training/synced_run/checkpoints/asimov_1_alberta_full",
  "profile_id": "asimov-1",
  "env": "profile_mujoco",
  "policy": "alberta_streaming",
  "n_tasks": 7,
  "n_programmatic_pass": 0,
  "programmatic_pass_rate": 0.0,
  "mean_success_rate_overall": 0.0,
  "tasks": [
    {
      "task_id": "stand_up",
      "success_programmatic": false,
      "success_rate": 0.0,
      "failure_rate": 0.0,
      "episodes": 1,
      "mean_reward": 407.8066527310574,
      "mean_steps_survived": 96.0,
      "mean_final_delta_x_m": 0.34096344921296046,
      "mean_final_delta_y_m": -0.27667845128665,
      "mean_final_delta_yaw_rad": -0.8314755902714134,
      "mean_final_torso_z_m": 0.3768843451866848,
      "movement_summary": {
        "final_delta_x_m": {
          "min": 0.34096344921296046,
          "max": 0.34096344921296046,
          "mean": 0.34096344921296046,
          "final": 0.34096344921296046
        },
        "final_delta_y_m": {
          "min": -0.27667845128665,
          "max": -0.27667845128665,
          "mean": -0.27667845128665,
          "final": -0.27667845128665
        },
        "final_delta_yaw_rad": {
          "min": -0.8314755902714134,
          "max": -0.8314755902714134,
          "mean": -0.8314755902714134,
          "final": -0.8314755902714134
        },
        "final_torso_z_m": {
          "min": 0.3768843451866848,
          "max": 0.3768843451866848,
          "mean": 0.3768843451866848,
          "final": 0.3768843451866848
        },
        "min_torso_z_m": {
          "min": 0.3768843451866848,
          "max": 0.3768843451866848,
          "mean": 0.3768843451866848,
          "final": 0.3768843451866848
        },
        "max_abs_lateral_drift_m": {
          "min": 0.27667845128665,
          "max": 0.27667845128665,
          "mean": 0.27667845128665,
          "final": 0.27667845128665
        }
      },
      "error": null
    },
    {
      "task_id": "walk_forward",
      "success_programmatic": false,
      "success_rate": 0.0,
      "failure_rate": 0.0,
      "episodes": 1,
      "mean_reward": 125.0856990607952,
      "mean_steps_survived": 40.0,
      "mean_final_delta_x_m": -0.5679627335693459,
      "mean_final_delta_y_m": 0.02976952664199108,
      "mean_final_delta_yaw_rad": -0.04473306224983208,
      "mean_final_torso_z_m": 0.36653029061892345,
      "movement_summary": {
        "final_delta_x_m": {
          "min": -0.5679627335693459,
          "max": -0.5679627335693459,
          "mean": -0.5679627335693459,
          "final": -0.5679627335693459
        },
        "final_delta_y_m": {
          "min": 0.02976952664199108,
          "max": 0.02976952664199108,
          "mean": 0.02976952664199108,
          "final": 0.02976952664199108
        },
        "final_delta_yaw_rad": {
          "min": -0.04473306224983208,
          "max": -0.04473306224983208,
          "mean": -0.04473306224983208,
          "final": -0.04473306224983208
        },
        "final_torso_z_m": {
          "min": 0.36653029061892345,
          "max": 0.36653029061892345,
          "mean": 0.36653029061892345,
          "final": 0.36653029061892345
        },
        "min_torso_z_m": {
          "min": 0.36653029061892345,
          "max": 0.36653029061892345,
          "mean": 0.36653029061892345,
          "final": 0.36653029061892345
        },
        "max_abs_lateral_drift_m": {
          "min": 0.04164642283795571,
          "max": 0.04164642283795571,
          "mean": 0.04164642283795571,
          "final": 0.04164642283795571
        }
      },
      "error": null
    },
    {
      "task_id": "walk_backward",
      "success_programmatic": false,
      "success_rate": 0.0,
      "failure_rate": 0.0,
      "episodes": 1,
      "mean_reward": 142.98433756942887,
      "mean_steps_survived": 40.0,
      "mean_final_delta_x_m": -0.5680829222359715,
      "mean_final_delta_y_m": 0.029705545760774277,
      "mean_final_delta_yaw_rad": -0.046240869911690054,
      "mean_final_torso_z_m": 0.366449692022043,
      "movement_summary": {
        "final_delta_x_m": {
          "min": -0.5680829222359715,
          "max": -0.5680829222359715,
          "mean": -0.5680829222359715,
          "final": -0.5680829222359715
        },
        "final_delta_y_m": {
          "min": 0.029705545760774277,
          "max": 0.029705545760774277,
          "mean": 0.029705545760774277,
          "final": 0.029705545760774277
        },
        "final_delta_yaw_rad": {
          "min": -0.046240869911690054,
          "max": -0.046240869911690054,
          "mean": -0.046240869911690054,
          "final": -0.046240869911690054
        },
        "final_torso_z_m": {
          "min": 0.366449692022043,
          "max": 0.366449692022043,
          "mean": 0.366449692022043,
          "final": 0.366449692022043
        },
        "min_torso_z_m": {
          "min": 0.366449692022043,
          "max": 0.366449692022043,
          "mean": 0.366449692022043,
          "final": 0.366449692022043
        },
        "max_abs_lateral_drift_m": {
          "min": 0.04165697629902399,
          "max": 0.04165697629902399,
          "mean": 0.04165697629902399,
          "final": 0.04165697629902399
        }
      },
      "error": null
    },
    {
      "task_id": "sidestep_left",
      "success_programmatic": false,
      "success_rate": 0.0,
      "failure_rate": 0.0,
      "episodes": 1,
      "mean_reward": 156.77784804356932,
      "mean_steps_survived": 40.0,
      "mean_final_delta_x_m": -0.567987434774274,
      "mean_final_delta_y_m": 0.02975586866107179,
      "mean_final_delta_yaw_rad": -0.04432133532208626,
      "mean_final_torso_z_m": 0.36649090046539984,
      "movement_summary": {
        "final_delta_x_m": {
          "min": -0.567987434774274,
          "max": -0.567987434774274,
          "mean": -0.567987434774274,
          "final": -0.567987434774274
        },
        "final_delta_y_m": {
          "min": 0.02975586866107179,
          "max": 0.02975586866107179,
          "mean": 0.02975586866107179,
          "final": 0.02975586866107179
        },
        "final_delta_yaw_rad": {
          "min": -0.04432133532208626,
          "max": -0.04432133532208626,
          "mean": -0.04432133532208626,
          "final": -0.04432133532208626
        },
        "final_torso_z_m": {
          "min": 0.36649090046539984,
          "max": 0.36649090046539984,
          "mean": 0.36649090046539984,
          "final": 0.36649090046539984
        },
        "min_torso_z_m": {
          "min": 0.36649090046539984,
          "max": 0.36649090046539984,
          "mean": 0.36649090046539984,
          "final": 0.36649090046539984
        },
        "max_abs_lateral_drift_m": {
          "min": 0.041653433430540864,
          "max": 0.041653433430540864,
          "mean": 0.041653433430540864,
          "final": 0.041653433430540864
        }
      },
      "error": null
    },
    {
      "task_id": "sidestep_right",
      "success_programmatic": false,
      "success_rate": 0.0,
      "failure_rate": 0.0,
      "episodes": 1,
      "mean_reward": 147.9172833475055,
      "mean_steps_survived": 40.0,
      "mean_final_delta_x_m": -0.5680397677323039,
      "mean_final_delta_y_m": 0.02968729041436057,
      "mean_final_delta_yaw_rad": -0.045601951374598916,
      "mean_final_torso_z_m": 0.36646927901001275,
      "movement_summary": {
        "final_delta_x_m": {
          "min": -0.5680397677323039,
          "max": -0.5680397677323039,
          "mean": -0.5680397677323039,
          "final": -0.5680397677323039
        },
        "final_delta_y_m": {
          "min": 0.02968729041436057,
          "max": 0.02968729041436057,
          "mean": 0.02968729041436057,
          "final": 0.02968729041436057
        },