{
  "profile_id": "asimov-1",
  "tasks": [
    "stand_up",
    "walk_forward",
    "walk_backward",
    "sidestep_left",
    "sidestep_right",
    "turn_left",
    "turn_right"
  ],
  "steps": 30000,
  "seed": 0,
  "pca_dim": 32,
  "episode_steps": 200,
  "eval_episodes": 5,
  "max_steps": 200,
  "domain_rand": true,
  "wall_clock_s": 154.29,
  "baseline": {
    "profile_id": "asimov-1",
    "env": "profile_mujoco",
    "checkpoint": "/root/robot/checkpoints/alberta_text_conditioned",
    "policy": "untrained_zero",
    "env_action_dim": 12,
    "policy_action_dim": 0,
    "policy_output_dim": 0,
    "tasks": {
      "stand_up": {
        "mean_reward": 255.51904971352187,
        "std_reward": 0.0,
        "min_reward": 255.51904971352187,
        "max_reward": 255.51904971352187,
        "mean_steps_survived": 79.0,
        "episodes": 5
      },
      "walk_forward": {
        "mean_reward": 253.93853132079676,
        "std_reward": 0.0,
        "min_reward": 253.93853132079676,
        "max_reward": 253.93853132079676,
        "mean_steps_survived": 79.0,
        "episodes": 5
      },
      "walk_backward": {
        "mean_reward": 256.4092660645369,
        "std_reward": 0.0,
        "min_reward": 256.4092660645369,
        "max_reward": 256.4092660645369,
        "mean_steps_survived": 79.0,
        "episodes": 5
      },
      "sidestep_left": {
        "mean_reward": 255.33071416358598,
        "std_reward": 0.0,
        "min_reward": 255.33071416358598,
        "max_reward": 255.33071416358598,
        "mean_steps_survived": 79.0,
        "episodes": 5
      },
      "sidestep_right": {
        "mean_reward": 255.3295476873363,
        "std_reward": 2.842170943040401e-14,
        "min_reward": 255.32954768733632,
        "max_reward": 255.32954768733632,
        "mean_steps_survived": 79.0,
        "episodes": 5
      },
      "turn_left": {
        "mean_reward": 241.98907255341902,
        "std_reward": 2.842170943040401e-14,
        "min_reward": 241.989072553419,
        "max_reward": 241.989072553419,
        "mean_steps_survived": 79.0,
        "episodes": 5
      },
      "turn_right": {
        "mean_reward": 242.01875191062476,
        "std_reward": 2.842170943040401e-14,
        "min_reward": 242.0187519106248,
        "max_reward": 242.0187519106248,
        "mean_steps_survived": 79.0,
        "episodes": 5
      }
    },
    "mean_reward_overall": 251.5049904876888
  },
  "alberta": {
    "checkpoint": "evidence/backend_compare/asimov-1/alberta",
    "manifest": {
      "regime": "alberta_streaming",
      "curriculum_version": 2,
      "pca_dim": 32,
      "active_tasks": [
        "stand_up",
        "walk_forward",
        "walk_backward",
        "sidestep_left",
        "sidestep_right",
        "turn_left",
        "turn_right"
      ],
      "obs_dim": 77,
      "action_dim": 12,
      "output_dim": 25,
      "profile_id": "asimov-1",
      "profile_version": "1.0.0",
      "proprio_dim": 45,
      "text_dim": 32,
      "ckpt": "alberta_policy.npz",
      "requested_total_steps": 30000,
      "steps_per_task": 4286,
      "total_steps": 30002,
      "episode_steps": 200,
      "eval_episodes": 5,
      "seed": 0,
      "domain_rand": true,
      "controller": {
        "gamma": 0.5,
        "actor_step_size": 0.005,
        "critic_step_size": 0.01,
        "actor_lamda": 0.8,
        "critic_lamda": 0.8,
        "log_sigma_init": -1.0,
        "log_sigma_min": -5.0,
        "log_sigma_max": 0.5,
        "action_low": -1.0,
        "action_high": 1.0,
        "obgd_kappa": 2.0,
        "normalize": false,
        "normalizer_decay": 0.999,
        "decouple_global_bias": true,
        "features": {
          "mode": "sparse_gated",
          "embed_dim": 32,
          "n_prototypes": 64,
          "gate_hard": true,
          "gate_temperature": 0.1,
          "proprio_random_dim": 32,
          "random_dim": 256,
          "scale": 1.0,
          "seed": 0
        }
      },
      "trained_at": "2026-05-24T05:43:56",
      "history": [
        {
          "phase": 0,
          "task": "stand_up",
          "train_episodes": 91,
          "train_mean_return": 131.28908252899046,
          "eval_mean_return": 135.79262950132187
        },
        {
          "phase": 1,
          "task": "walk_forward",
          "train_episodes": 83,
          "train_mean_return": 140.63476246104082,
          "eval_mean_return": 136.8333673254633
        },
        {
          "phase": 2,
          "task": "walk_backward",
          "train_episodes": 72,
          "train_mean_return": 169.32181193746817,
          "eval_mean_return": 226.5733747369448
        },
        {
          "phase": 3,
          "task": "sidestep_left",
          "train_episodes": 70,
          "train_mean_return": 172.02835412221248,
          "eval_mean_return": 235.85442141194608
        },
        {
          "phase": 4,
          "task": "sidestep_right",
          "train_episodes": 68,
          "train_mean_return": 180.4365085144791,
          "eval_mean_return": 152.37465626361924
        },
        {
          "phase": 5,
          "task": "turn_left",
          "train_episodes": 79,
          "train_mean_return": 151.7631808239053,
          "eval_mean_return": 149.19690068676692
        },
        {
          "phase": 6,
          "task": "turn_right",
          "train_episodes": 76,
          "train_mean_return": 161.01668574768416,
          "eval_mean_return": 147.75308488222805
        }
      ],
      "mjcf_xml": "/root/robot/assets/profiles/asimov-1/mjcf/asimov_eliza.xml",
      "mjcf_xml_sha256": "bf4125c9f63ed3027b6c8513de9dda02e97cbee4f55ff8e0f06a4b92aefb7bb0",
      "asset_manifest": "/root/robot/assets/profiles/asimov-1/asimov_asset_manifest.json",
      "asset_manifest_sha256": "9ebde2c4a976c3b2d13e8746628e0918a51c4067eb95d1356ffbdadca8edf415"
    },
    "validation": {
      "ok": true,
      "checkpoint": "/root/robot/evidence/backend_compare/asimov-1/alberta",
      "profile_id": "asimov-1",
      "required_tasks": [
        "stand_up",
        "walk_forward",
        "walk_backward",
        "sidestep_left",
        "sidestep_right",
        "turn_left",
        "turn_right"
      ],
      "min_steps": 30000,
      "total_steps": 30002,
      "requested_total_steps": 30000,
      "checks": {
        "checkpoint_dir": true,
        "manifest": true,
        "regime": true,
        "profile_id": true,
        "profile_loads": true,
        "profile_version": true,
        "curriculum_version": true,
        "policy_artifact": true,
        "ckpt_name": true,
        "active_tasks": true,
        "unique_active_tasks": true,
        "required_tasks": true,
        "pca_text_dim": true,
        "obs_layout": true,
        "action_dim": true,
        "output_dim": true,
        "output_covers_action": true,
        "total_steps": true,
        "requested_total_steps": true,
        "steps_per_task": true,
        "not_tiny_validation": true,
        "not_validation_checkpoint": true,
        "not_marked_non_production": true,
        "domain_rand": true,
        "controller": true,
        "history": true,
        "inference": true
      },
      "manifest": {
        "regime": "alberta_streaming",
        "curriculum_version": 2,
        "pca_dim": 32,
        "active_tasks": [
          "stand_up",
          "walk_forward",
          "walk_backward",
          "sidestep_left",
          "sidestep_right",
          "turn_left",
          "turn_right"
        ],
        "obs_dim": 77,
        "action_dim": 12,
        "output_dim": 25,
        "profile_id": "asimov-1",
        "profile_version": "1.0.0",
        "proprio_dim": 45,
        "text_dim": 32,
        "ckpt": "alberta_policy.npz",
        "requested_total_steps": 30000,
        "steps_per_task": 4286,
        "total_steps": 30002,
        "episode_steps": 200,
        "eval_episodes": 5,
        "seed": 0,
        "domain_rand": true,