{
  "profile": "unitree-h1",
  "label": "walk backward",
  "task_id": "walk_backward",
  "policy_source": "scripted_smoke",
  "steps_requested": 80,
  "steps_executed": 49,
  "terminated": true,
  "truncated": false,
  "first_done_step": 49,
  "done_reason": "terminated",
  "fall_threshold": 0.612,
  "torso_z": {
    "min": 0.6103889786050156,
    "max": 0.9784249456160091,
    "final": 0.6103889786050156,
    "mean": 0.8593661994338243
  },
  "upright_proj": {
    "min": 0.5176118200121642,
    "max": 0.9999998584025279,
    "final": 0.5176118200121642,
    "mean": 0.8815649332004193
  },
  "reward": {
    "min": -7.25952109901238,
    "max": 11.253423954971623,
    "final": -7.25952109901238,
    "mean": 3.5326978217504985
  },
  "delta_x_m": {
    "min": -0.6364672621048255,
    "max": 0.00037723856839127665,
    "final": -0.6364672621048255,
    "mean": -0.18050408008082444
  },
  "delta_y_m": {
    "min": -0.020630130452349696,
    "max": -3.663847581300348e-07,
    "final": -0.020630130452349696,
    "mean": -0.010099301595838689
  },
  "delta_yaw_rad": {
    "min": -0.05064568499837669,
    "max": 0.11082964752073568,
    "final": 0.04014088532912383,
    "mean": 0.011119380994411808
  },
  "action_norm": {
    "min": 7.983720294001739e-17,
    "max": 0.8449247479438782,
    "final": 0.7570379376411438,
    "mean": 0.5285279447193809
  },
  "nonzero_action_steps": 48,
  "attempted_action": true,
  "goal_success": false,
  "goal_failed": false,
  "goal_reason": "",
  "rollout_ok": false,
  "checks": {
    "no_termination": false,
    "torso_above_fall_threshold": false,
    "upright_positive": true,
    "attempted_action": true,
    "goal_success": false
  }
}
