{
  "profile": "unitree-r1",
  "label": "stand up",
  "task_id": "stand_up",
  "policy_source": "zero_action",
  "steps_requested": 40,
  "steps_executed": 40,
  "terminated": false,
  "truncated": true,
  "first_done_step": 40,
  "done_reason": "truncated",
  "fall_threshold": 0.444,
  "torso_z": {
    "min": 0.7393067532804892,
    "max": 0.7419965443537505,
    "final": 0.7393067532804892,
    "mean": 0.7412388717448447
  },
  "upright_proj": {
    "min": 0.9903888938142437,
    "max": 0.9999999626795327,
    "final": 0.9903888938142437,
    "mean": 0.9971690391406707
  },
  "reward": {
    "min": 3.488926960877624,
    "max": 3.499849897456488,
    "final": 3.4897137897545143,
    "mean": 3.4925402893372963
  },
  "rollout_ok": true,
  "checks": {
    "no_termination": true,
    "torso_above_fall_threshold": true,
    "upright_positive": true
  }
}
