{
  "profile": "unitree-h1",
  "label": "stand up",
  "task_id": "stand_up",
  "policy_source": "checkpoint:evidence/alberta_all_profiles/unitree-h1/alberta",
  "steps_requested": 30,
  "steps_executed": 30,
  "terminated": false,
  "truncated": true,
  "first_done_step": 30,
  "done_reason": "truncated",
  "fall_threshold": 0.612,
  "torso_z": {
    "min": 0.8881069780207995,
    "max": 0.9785011625097542,
    "final": 0.8881069780207995,
    "mean": 0.9286162108958375
  },
  "upright_proj": {
    "min": 0.9310629793215435,
    "max": 0.9999997980881727,
    "final": 0.9310629793215435,
    "mean": 0.9790178360454961
  },
  "reward": {
    "min": 3.205006782354089,
    "max": 3.4847904778349297,
    "final": 3.205006782354089,
    "mean": 3.3853897054351383
  },
  "rollout_ok": true,
  "checks": {
    "no_termination": true,
    "torso_above_fall_threshold": true,
    "upright_positive": true
  }
}
