{
  "config": {
    "n_tasks": 5,
    "n_joints": 6,
    "steps_per_task": 20000,
    "eval_episodes": 6,
    "seeds": 2,
    "gamma": 0.5,
    "actor_step_size": 0.01,
    "critic_step_size": 0.02,
    "actor_lamda": 0.7,
    "critic_lamda": 0.7,
    "log_sigma_init": -1.0,
    "embed_dim": 16,
    "n_prototypes": 192,
    "gate_temperature": 0.1,
    "proprio_random_dim": 64
  },
  "summary": {
    "alberta": {
      "acc": {
        "mean": 35.03113911170742,
        "std": 5.416328515671484
      },
      "bwt": {
        "mean": -3.8603997484217856,
        "std": 3.8603997484217856
      },
      "forgetting": {
        "mean": 3.8603997484217856,
        "std": 3.8603997484217856
      },
      "fwt": {
        "mean": -0.8670058793739943,
        "std": 0.8670058793739943
      }
    },
    "ppo": {
      "acc": {
        "mean": 34.65509778855076,
        "std": 0.38892460025315145
      },
      "bwt": {
        "mean": -6.977890158932018,
        "std": 1.4559888615792804
      },
      "forgetting": {
        "mean": 9.262871206499508,
        "std": 1.5179554981850742
      },
      "fwt": {
        "mean": -0.46146748865548504,
        "std": 0.061632202848463935
      }
    }
  },
  "results": [
    {
      "name": "alberta",
      "matrix": [
        [
          42.54363448596977,
          8.745389186083694,
          12.902071160725379,
          11.047506782094343,
          8.661165033316648
        ],
        [
          42.54363448596977,
          34.83085552844839,
          12.902071160725379,
          11.047506782094343,
          8.661165033316648
        ],
        [
          42.54363448596977,
          34.83085552844839,
          42.70103998215266,
          11.047506782094343,
          8.661165033316648
        ],
        [
          42.54363448596977,
          34.83085552844839,
          42.70103998215266,
          44.86727061874114,
          8.661165033316648
        ],
        [
          42.54363448596977,
          34.83085552844839,
          42.70103998215266,
          44.86727061874114,
          37.294537521582555
        ]
      ],
      "baseline": [
        17.157974868420542,
        8.745389186083694,
        12.902071160725379,
        11.047506782094343,
        8.661165033316648
      ],
      "metrics": {
        "acc": 40.447467627378906,
        "bwt": 0.0,
        "forgetting": 0.0,
        "fwt": 0.0,
        "final_per_task": [
          42.54363448596977,
          34.83085552844839,
          42.70103998215266,
          44.86727061874114,
          37.294537521582555
        ],
        "diagonal_per_task": [
          42.54363448596977,
          34.83085552844839,
          42.70103998215266,
          44.86727061874114,
          37.294537521582555
        ]
      },
      "seed": 1000
    },
    {
      "name": "ppo",
      "matrix": [
        [
          36.07722112571278,
          9.433934702270177,
          12.702056291876298,
          9.82814244699279,
          6.95981110407503
        ],
        [
          43.67373119129889,
          47.48856766406715,
          10.370830127422463,
          10.736647915892979,
          8.501126372035829
        ],
        [
          44.969278769559565,
          43.00088613214189,
          39.95469185262447,
          10.431585256684277,
          8.107079876873758
        ],
        [
          37.917712279313825,
          38.63280416679134,
          36.91753330044677,
          44.626890832919024,
          8.663200971086482
        ],
        [
          32.25210712469056,
          36.405486457060356,
          35.88629605165642,
          41.515876652505135,
          25.2710996555756
        ]
      ],
      "baseline": [
        17.146039859084283,
        8.819685280184489,
        12.641831478793668,
        10.849288341331608,
        8.681144723169432
      ],
      "metrics": {
        "acc": 34.266173188297614,
        "bwt": -5.521901297352738,
        "forgetting": 7.7449157083144335,
        "fwt": -0.523099691503949,
        "final_per_task": [
          32.25210712469056,
          36.405486457060356,
          35.88629605165642,
          41.515876652505135,
          25.2710996555756
        ],
        "diagonal_per_task": [
          36.07722112571278,
          47.48856766406715,
          39.95469185262447,
          44.626890832919024,
          25.2710996555756
        ]
      },
      "seed": 1000
    },
    {
      "name": "alberta",
      "matrix": [
        [
          36.26026500860718,
          8.745389186083694,
          12.902071160725379,
          4.111459747102389,
          8.661165033316648
        ],
        [
          36.26026500860718,
          40.67082249802769,
          12.902071160725379,
          4.111459747102389,
          8.661165033316648
        ],
        [
          36.26026500860718,
          40.67082249802769,
          29.97930823702257,
          4.111459747102389,
          8.661165033316648
        ],
        [
          5.377067021232894,
          40.67082249802769,
          29.97930823702257,
          43.300477473627325,
          8.661165033316648
        ],
        [
          5.377067021232894,
          40.67082249802769,
          29.97930823702257,
          43.300477473627325,
          28.746377750269215
        ]
      ],
      "baseline": [
        17.157974868420542,
        8.745389186083694,
        12.902071160725379,
        11.047506782094343,
        8.661165033316648
      ],
      "metrics": {
        "acc": 29.614810596035937,
        "bwt": -7.720799496843571,
        "forgetting": 7.720799496843571,
        "fwt": -1.7340117587479886,
        "final_per_task": [
          5.377067021232894,
          40.67082249802769,
          29.97930823702257,
          43.300477473627325,
          28.746377750269215
        ],
        "diagonal_per_task": [
          36.26026500860718,
          40.67082249802769,
          29.97930823702257,
          43.300477473627325,
          28.746377750269215
        ]
      },
      "seed": 1001
    },
    {
      "name": "ppo",
      "matrix": [
        [
          37.54712795132708,
          9.59322320197043,
          13.068560753005714,
          8.514958280380354,
          6.57715583190311
        ],
        [
          41.6572823384834,
          40.44759217645014,
          11.946935652232193,
          8.836350529645694,
          7.681324098214051
        ],
        [
          43.35870798068441,
          44.02380288378594,
          46.10079749517946,
          9.353717526139512,
          7.444197845172674
        ],
        [
          38.35910549024582,
          34.76061920136248,
          43.38365155075639,
          46.282703143067586,
          8.417497209491684
        ],
        [
          27.447384366394488,
          33.87818149493511,
          38.48629215312318,
          36.83084666952628,
          38.57740726004053
        ]
      ],
      "baseline": [
        16.848242036259805,
        8.575656033088244,
        12.508916044233123,
        11.208844871770973,
        8.617297783969564
      ],
      "metrics": {
        "acc": 35.04402238880392,
        "bwt": -8.433879020511299,
        "forgetting": 10.780826704684582,
        "fwt": -0.3998352858070211,
        "final_per_task": [
          27.447384366394488,
          33.87818149493511,
          38.48629215312318,
          36.83084666952628,
          38.57740726004053
        ],
        "diagonal_per_task": [
          37.54712795132708,
          40.44759217645014,
          46.10079749517946,
          46.282703143067586,
          38.57740726004053
        ]
      },
      "seed": 1001
    }
  ],
  "generated_at": "2026-05-22T14:00:28",
  "adaptation": {
    "alberta": {
      "mean_new_task_gain": 26.41663750431673,
      "min_new_task_gain": 21.23144834692321,
      "tasks_with_positive_gain": 5.0,
      "task_count": 5.0,
      "mean_final_minus_best": -3.0883197987374285,